<?xml version="1.0" encoding="UTF-8"?>
<jcr:root xmlns:sling="http://sling.apache.org/jcr/sling/1.0" xmlns:cq="http://www.day.com/jcr/cq/1.0" xmlns:jcr="http://www.jcp.org/jcr/1.0" xmlns:nt="http://www.jcp.org/jcr/nt/1.0"
    jcr:primaryType="nt:unstructured"
    cq:rewriteRanking="3">
    <patterns jcr:primaryType="nt:unstructured">
        <tabpanel/>
        <tabpanel1/>
        <tabpanel2/>
    </patterns>
    <replacement jcr:primaryType="nt:unstructured">
        <tabpanel
            jcr:primaryType="nt:unstructured"
            sling:resourceType="granite/ui/components/foundation/container"
            cq:rewriteFinal="{Boolean}true">
            <layout
                jcr:primaryType="nt:unstructured"
                sling:resourceType="granite/ui/components/foundation/layouts/tabs"
                type="nav"
                cq:rewriteFinal="{Boolean}true"/>
            <items
                jcr:primaryType="nt:unstructured"
                cq:rewriteMapChildren="./items"
                cq:rewriteFinal="{Boolean}true"/>
        </tabpanel>
    </replacement>
</jcr:root>
