<?xml version="1.0" encoding="UTF-8"?>
<jcr:root xmlns:sling="http://sling.apache.org/jcr/sling/1.0" xmlns:cq="http://www.day.com/jcr/cq/1.0" xmlns:jcr="http://www.jcp.org/jcr/1.0" xmlns:nt="http://www.jcp.org/jcr/nt/1.0"
    jcr:primaryType="cq:Page">
    <jcr:content
        jcr:mixinTypes="[]"
        jcr:primaryType="nt:unstructured"
        jcr:title="AEM Dialog Conversion Tool"
        sling:resourceType="granite/ui/components/foundation/page">
        <head jcr:primaryType="nt:unstructured">
            <viewport
                jcr:primaryType="nt:unstructured"
                sling:resourceType="granite/ui/components/foundation/admin/page/viewport"/>
            <meta
                jcr:primaryType="nt:unstructured"
                sling:resourceType="granite/ui/components/foundation/meta"
                content="chrome=1"
                name="X-UA-Compatible"/>
            <favicon
                jcr:primaryType="nt:unstructured"
                sling:resourceType="granite/ui/components/foundation/page/favicon"/>
            <clientlibs
                jcr:primaryType="nt:unstructured"
                sling:resourceType="granite/ui/components/foundation/includeclientlibs"
                categories="[granite.ui.foundation,granite.ui.foundation.admin,cq.jquery,cq.dialogconversion]"/>
        </head>
        <body
            jcr:primaryType="nt:unstructured"
            sling:resourceType="granite/ui/components/foundation/page/body">
            <layout
                jcr:primaryType="nt:unstructured"
                sling:resourceType="granite/ui/components/endor/layouts/page"/>
            <rail
                jcr:primaryType="nt:unstructured"
                sling:resourceType="granite/ui/components/endor/navcolumns"
                currentId="cq-tools-dialogconversion"
                srcPath="cq/core/content/nav"/>
            <breadcrumbs
                jcr:primaryType="nt:unstructured"
                sling:resourceType="dam/gui/components/admin/commons/endor/breadcrumbs"/>
            <helpactivator
                jcr:primaryType="nt:unstructured"
                sling:resourceType="granite/ui/components/foundation/hyperlink"
                href="#help-popover"
                text="Help"
                toggle="popover"/>
            <badge
                jcr:primaryType="nt:unstructured"
                sling:resourceType="cq/gui/components/endor/badge"
                href="#cq-notifications"/>
            <user
                jcr:primaryType="nt:unstructured"
                sling:resourceType="granite/ui/components/endor/user"
                href="#granite-user-properties"/>
            <notifications
                jcr:primaryType="nt:unstructured"
                sling:resourceType="cq/gui/components/endor/notifications"
                id="cq-notifications"/>
            <account
                jcr:primaryType="nt:unstructured"
                sling:resourceType="granite/ui/components/foundation/include"
                path="granite/ui/content/userproperties"/>
            <content
                jcr:primaryType="nt:unstructured"
                sling:resourceType="granite/ui/components/foundation/container">
                <layout
                    jcr:primaryType="nt:unstructured"
                    sling:resourceType="granite/ui/components/endor/layouts/content"/>
                <content
                    jcr:primaryType="nt:unstructured"
                    sling:resourceType="granite/ui/components/foundation/container">
                    <items jcr:primaryType="nt:unstructured">
                        <admin
                            jcr:primaryType="nt:unstructured"
                            sling:resourceType="cq/dialogconversion/components/admin">
                            <path
                                jcr:primaryType="nt:unstructured"
                                sling:resourceType="granite/ui/components/foundation/form/pathbrowser"
                                id="path"
                                placeHolder="Enter a path, e.g. /apps/geometrixx/components"/>
                            <showButton
                                jcr:primaryType="nt:unstructured"
                                sling:resourceType="granite/ui/components/foundation/button"
                                id="show-dialogs"
                                text="Show dialogs"/>
                            <convertButton
                                jcr:primaryType="nt:unstructured"
                                sling:resourceType="granite/ui/components/foundation/button"
                                id="convert-dialogs"
                                text="Convert dialogs"/>
                        </admin>
                    </items>
                </content>
            </content>
        </body>
    </jcr:content>
</jcr:root>
